feature,importance
tenure_days,1.2270429833055203
freq_per_90d,0.24387217900261843
monetary,0.05430494352344238
tx_count,0.018835245865423244
ip_mean,0.015786164795583223
ip_std,0.01172061140611973
ch_online,0.005215821027212875
ch_offline,0.0007401274313659334
M,0.00018827099953321323
R,-0.00013960807767787742
F,-0.0001887662417605962
RFM_Score,-0.0007390309556761677
ch_app,-0.001950382147530405
recency_days,-0.0020003685370082237
avg_amount,-0.00246043371007717
